Benjamin,Petit,benjamin.petit@gmail.com,M,543870449771,Argentina,Buenos Aires,Buenos Aires,C1001
Wei,Santos,wei.santos@gmail.com,M,440272219266,UK,West Midlands,Birmingham,B11AA
Mei,Bernard,mei.bernard@gmail.com,F,4955077987016,Germany,Bavaria,Munich,80331
Ingrid,Yang,ingrid.yang@icloud.com,F,5538016288751,Brazil,Bahia,Salvador,41920000
Olivia,Oliveira,olivia.oliveira@yahoo.com,F,18007461267,USA,California,Los Angeles,90001
Francesca,Jones,francesca.jones@gmail.com,F,4910856502594,Germany,Hamburg,Hamburg,20095
Freja,Marino,freja.marino@yahoo.com,F,391072278913,Italy,Campania,Naples,80100
Carmen,Yang,carmen.yang@yahoo.com,F,547207071953,Argentina,Córdoba,Córdoba,5000
Mei,Richard,mei.richard@gmail.com,F,12836317860,USA,New York,New York City,10001
Stefan,Ricci,stefan.ricci@outlook.com,M,18575547211,USA,California,Los Angeles,90001
Samuel,Kobayashi,samuel.kobayashi@outlook.com,M,5512159822586,Brazil,Bahia,Salvador,41920000
Davi,Wagner,davi.wagner@yahoo.com,M,5511989375059,Brazil,Bahia,Salvador,41920000
Mei,Rodrigues,mei.rodrigues@yahoo.com,F,814546068801,Japan,Osaka,Osaka,5300001
Maria,Romano,maria.romano@gmail.com,F,399879383288,Italy,Lombardy,Milan,20121
Lukas,Romano,lukas.romano@outlook.com,M,4906769571647,Germany,Berlin,Berlin,10115
Arjun,Garcia,arjun.garcia@yahoo.com,M,545673678659,Argentina,Santa Fe,Rosario,2000
Ananya,Gomes,ananya.gomes@gmail.com,F,33290446928,France,Île-de-France,Paris,75001
Jean,Ferreira,jean.ferreira@yahoo.com,M,4991849273493,Germany,Bavaria,Munich,80331
Camille,Brown,camille.brown@yahoo.com,F,541427537768,Argentina,Córdoba,Córdoba,5000
Erik,Wagner,erik.wagner@icloud.com,M,33733612959,France,Auvergne,Lyon,69001
Ivan,Huang,ivan.huang@icloud.com,M,351440218261,Portugal,Lisbon,Lisbon,1000001
Arjun,Ricci,arjun.ricci@outlook.com,M,33977319641,France,Île-de-France,Paris,75001
Klaus,Ricci,klaus.ricci@gmail.com,M,447526932097,UK,London,London,SW1A1AA
Dmitry,Alves,dmitry.alves@icloud.com,M,541038138933,Argentina,Buenos Aires,Buenos Aires,C1001
Lucia,Pereira,lucia.pereira@yahoo.com,F,543038660038,Argentina,Santa Fe,Rosario,2000
Ji-woo,Schmidt,ji-woo.schmidt@icloud.com,F,351767582937,Portugal,Lisbon,Lisbon,1000001
Dmitry,Robert,dmitry.robert@icloud.com,M,393515086191,Italy,Campania,Naples,80100
Ananya,Petit,ananya.petit@yahoo.com,F,5564919295769,Brazil,Rio de Janeiro,Rio de Janeiro,20010000
Ananya,Petit,ananya.petit@outlook.com,F,19873738186,USA,Texas,Houston,77001
Michael,Souza,michael.souza@outlook.com,M,4936746363338,Germany,Berlin,Berlin,10115
Hiroshi,Richard,hiroshi.richard@outlook.com,M,448029819840,UK,London,London,SW1A1AA
Mason,Gomes,mason.gomes@outlook.com,M,15326018346,Canada,Ontario,Toronto,M5H2N2
Wei,Rossi,wei.rossi@outlook.com,M,812580226381,Japan,Tokyo,Shinjuku,1600022
Amélie,Petit,amélie.petit@icloud.com,F,351402676297,Portugal,Porto,Porto,4000001
William,Garcia,william.garcia@icloud.com,M,443033988426,UK,London,London,SW1A1AA
Lily,Kato,lily.kato@outlook.com,F,5522866483754,Brazil,Bahia,Salvador,41920000
Mason,Oliveira,mason.oliveira@yahoo.com,M,440410830106,UK,London,London,SW1A1AA
Manuela,Takahashi,manuela.takahashi@gmail.com,F,4926284863324,Germany,Bavaria,Munich,80331
Alice,Zhang,alice.zhang@outlook.com,F,540492362983,Argentina,Buenos Aires,Buenos Aires,C1001
Klaus,Chen,klaus.chen@outlook.com,M,4906436797343,Germany,Hamburg,Hamburg,20095
Miguel,Esposito,miguel.esposito@yahoo.com,M,811442058105,Japan,Kyoto,Kyoto,6008216
Antonio,Durand,antonio.durand@icloud.com,M,33148371221,France,Île-de-France,Paris,75001
Klaus,Esposito,klaus.esposito@outlook.com,M,5553799933548,Brazil,Bahia,Salvador,41920000
Hans,Greco,hans.greco@icloud.com,M,5521750147323,Brazil,Bahia,Salvador,41920000
Lucas,Thomas,lucas.thomas@outlook.com,M,817626850162,Japan,Tokyo,Shinjuku,1600022
Gabriel,Watanabe,gabriel.watanabe@yahoo.com,M,33965272987,France,Île-de-France,Paris,75001
William,Zhou,william.zhou@gmail.com,M,445243971244,UK,West Midlands,Birmingham,B11AA
William,Lima,william.lima@icloud.com,M,446639785646,UK,London,London,SW1A1AA
Maitê,Miller,maitê.miller@gmail.com,F,449802292698,UK,Greater Manchester,Manchester,M11AA
Arthur,Lima,arthur.lima@gmail.com,M,548240460640,Argentina,Santa Fe,Rosario,2000
Lucia,Brown,lucia.brown@gmail.com,F,4996877028214,Germany,Hamburg,Hamburg,20095
Ananya,Ito,ananya.ito@gmail.com,F,814755252281,Japan,Tokyo,Shinjuku,1600022
Amélie,Silva,amélie.silva@yahoo.com,F,543357515498,Argentina,Buenos Aires,Buenos Aires,C1001
Lucas,Schneider,lucas.schneider@yahoo.com,M,542455908035,Argentina,Córdoba,Córdoba,5000
Hans,Rodriguez,hans.rodriguez@yahoo.com,M,17230713185,USA,California,Los Angeles,90001
Aria,Marino,aria.marino@icloud.com,F,811379561428,Japan,Osaka,Osaka,5300001
Antonio,Moreau,antonio.moreau@outlook.com,M,449158809643,UK,Greater Manchester,Manchester,M11AA
Davi,Durand,davi.durand@icloud.com,M,5509249668529,Brazil,Bahia,Salvador,41920000
Carmen,Schneider,carmen.schneider@outlook.com,F,396096766349,Italy,Lombardy,Milan,20121
Gabriel,Becker,gabriel.becker@yahoo.com,M,17855104432,Canada,Quebec,Montreal,H2Z1A1
Sven,Souza,sven.souza@yahoo.com,M,33264469175,France,Auvergne,Lyon,69001
Liz,Brown,liz.brown@yahoo.com,F,5587766293394,Brazil,São Paulo,São Paulo,1001000
Miguel,Gomes,miguel.gomes@outlook.com,M,390584016274,Italy,Lazio,Rome,118
Lucia,Rossi,lucia.rossi@gmail.com,F,18003415786,USA,Texas,Houston,77001
Luis,Müller,luis.müller@icloud.com,M,448557882295,UK,Greater Manchester,Manchester,M11AA
Lucas,Zhou,lucas.zhou@gmail.com,M,351954681197,Portugal,Porto,Porto,4000001
Maitê,Pereira,maitê.pereira@outlook.com,F,19533097257,Canada,BC,Vancouver,V5K0A1
Hana,Meyer,hana.meyer@icloud.com,F,18315302211,Canada,Quebec,Montreal,H2Z1A1
Olivia,Williams,olivia.williams@yahoo.com,F,351723162512,Portugal,Lisbon,Lisbon,1000001
Yuki,Moreau,yuki.moreau@gmail.com,F,5558856121972,Brazil,São Paulo,São Paulo,1001000
Alexander,Colombo,alexander.colombo@outlook.com,M,351717767618,Portugal,Lisbon,Lisbon,1000001
Erik,Thomas,erik.thomas@yahoo.com,M,5573873626450,Brazil,São Paulo,São Paulo,1001000
William,Miller,william.miller@outlook.com,M,33069661794,France,Auvergne,Lyon,69001
Samuel,Esposito,samuel.esposito@icloud.com,M,351292520458,Portugal,Lisbon,Lisbon,1000001
Henry,Martinez,henry.martinez@icloud.com,M,33290044348,France,Auvergne,Lyon,69001
Camille,Oliveira,camille.oliveira@outlook.com,F,4928683572802,Germany,Berlin,Berlin,10115
Arjun,Huang,arjun.huang@yahoo.com,M,4961562620115,Germany,Berlin,Berlin,10115
Francesca,Becker,francesca.becker@outlook.com,F,5590106745393,Brazil,Bahia,Salvador,41920000
Pierre,Becker,pierre.becker@yahoo.com,M,542710619579,Argentina,Córdoba,Córdoba,5000
Elena,Wang,elena.wang@gmail.com,F,351819482735,Portugal,Lisbon,Lisbon,1000001
Stefan,Davis,stefan.davis@outlook.com,M,4970432288510,Germany,Hamburg,Hamburg,20095
Théo,Becker,théo.becker@icloud.com,M,4936289423677,Germany,Hamburg,Hamburg,20095
Sophia,Takahashi,sophia.takahashi@gmail.com,F,351719924429,Portugal,Porto,Porto,4000001
Wei,Garcia,wei.garcia@icloud.com,M,17430256639,Canada,BC,Vancouver,V5K0A1
Bernardo,Ricci,bernardo.ricci@icloud.com,M,351690106255,Portugal,Lisbon,Lisbon,1000001
Olivia,Alves,olivia.alves@gmail.com,F,446291229668,UK,West Midlands,Birmingham,B11AA
Amélie,Wu,amélie.wu@outlook.com,F,10501424833,USA,California,Los Angeles,90001
Maria,Fischer,maria.fischer@outlook.com,F,351102974272,Portugal,Porto,Porto,4000001
Lily,Robert,lily.robert@outlook.com,F,12173756294,USA,California,Los Angeles,90001
Lars,Petit,lars.petit@yahoo.com,M,440333314078,UK,Greater Manchester,Manchester,M11AA
Mason,Oliveira,mason.oliveira@icloud.com,M,393551854669,Italy,Lombardy,Milan,20121
Benjamin,Yamamoto,benjamin.yamamoto@yahoo.com,M,351053835281,Portugal,Lisbon,Lisbon,1000001
Sabine,Zhang,sabine.zhang@outlook.com,F,814381739340,Japan,Tokyo,Shinjuku,1600022
Emma,Becker,emma.becker@outlook.com,F,811813618392,Japan,Tokyo,Shinjuku,1600022
Jean,Williams,jean.williams@yahoo.com,M,541308311081,Argentina,Córdoba,Córdoba,5000
Jean,Wagner,jean.wagner@yahoo.com,M,15643715532,Canada,Quebec,Montreal,H2Z1A1
Francesca,Müller,francesca.müller@gmail.com,F,13900690908,USA,Texas,Houston,77001
Noah,Lima,noah.lima@gmail.com,M,5561118467832,Brazil,São Paulo,São Paulo,1001000
Arthur,Wu,arthur.wu@icloud.com,M,33789026699,France,Auvergne,Lyon,69001
Bernardo,Martinez,bernardo.martinez@yahoo.com,M,445953673415,UK,Greater Manchester,Manchester,M11AA
